one_S3_per_tid,6
one_S3_cert_per_tid,6
one_S2d_per_tid,6
one_S2d_PSK_per_tid,6
one_C3_per_tid,6
one_C3_cert_per_tid,6
one_C2d_per_tid,6
one_C2d_PSK_per_tid,6
S3_vs_S3_cert,6
S2d_vs_S2d_PSK,6
C3_vs_C3_cert,6
C2d_vs_C2d_PSK,6
tid_invariant,5
one_start_per_tid,5
one_S1_per_tid,5
one_C1_retry_per_tid,5
one_C0_per_tid,5
one_C1_per_tid,4
rev_dh_ordering,3
one_S2c_req_per_tid,3
one_S2c_per_tid,3
one_S2b_per_tid,3
one_S2a_per_tid,3
one_S1_PSK_per_tid,3
one_S1_PSK_DHE_per_tid,3
one_C2c_req_per_tid,3
one_C2c_per_tid,3
one_C2b_per_tid,3
one_C2a_per_tid,3
one_C1_PSK_per_tid,3
one_C1_PSK_DHE_per_tid,3
dh_exp_invariant,3
S1_vs_S1_PSK_DHE,3
S1_PSK_vs_S1_PSK_DHE,3
S1_PSK_vs_S1,3
C1_vs_C1_PSK_DHE,3
C1_PSK_vs_C1_PSK_DHE,3
C1_PSK_vs_C1,3
sig_origin,2
rev_dh_before_hs,2
posths_rms,2
post_master_secret,2
pfs_handshake_secret,2
one_dh_per_x,2
matching_transcripts_posths,2
matching_rms_posths,2
ku_ltk,2
ku_fresh_psk,2
ku_extract,2
ku_expand,2
invariant_post_hs,2
hsms_derive,2
handshake_secret,2
dh_chal_dual,2
consistent_nonces,2
auth_psk,2
transcript_agreement,1
rms_derives_hs,1
posths_rms_weak,1
mutual_transcript_agreement,1
mutual_entity_authentication,1
matching_sessions,1
matching_rms_nonces,1
matching_rms_actors,1
matching_nonces,1
matching_hsms,1
ku_hs,1
invariant_nonces,1
injective_mutual_entity_authentication,1
entity_authentication,1
